<?xml version="1.0" encoding="UTF-8"?>
<ti:app xmlns:ti="http://ti.appcelerator.org">
    <deployment-targets>
        <target device="mobileweb">false</target>
        <target device="iphone">true</target>
        <target device="ipad">true</target>
        <target device="android">false</target>
        <target device="blackberry">false</target>
    </deployment-targets>
    <sdk-version>2.0.2.GA</sdk-version>
    <id>jp.0t0.0tt.cloudstack</id>
    <name>CloudStack</name>
    <version>1.3.2</version>
    <publisher>shugo</publisher>
    <url>http://0tt.0t0.jp</url>
    <description>not specified</description>
    <copyright>ShugoNumano</copyright>
    <icon>appicon.png</icon>
    <persistent-wifi>false</persistent-wifi>
    <prerendered-icon>false</prerendered-icon>
    <statusbar-style>default</statusbar-style>
    <statusbar-hidden>false</statusbar-hidden>
    <fullscreen>false</fullscreen>
    <navbar-hidden>false</navbar-hidden>
    <analytics>true</analytics>
    <guid>1ea31fc7-7679-4bed-8a02-8ef910a90ae5</guid>
    <iphone>
        <orientations device="iphone">
            <orientation>Ti.UI.PORTRAIT</orientation>
            <orientation>Ti.UI.LANDSCAPE_LEFT</orientation>
            <orientation>Ti.UI.LANDSCAPE_RIGHT</orientation>
        </orientations>
        <orientations device="ipad">
            <orientation>Ti.UI.PORTRAIT</orientation>
            <orientation>Ti.UI.UPSIDE_PORTRAIT</orientation>
            <orientation>Ti.UI.LANDSCAPE_LEFT</orientation>
            <orientation>Ti.UI.LANDSCAPE_RIGHT</orientation>
        </orientations>
    </iphone>
    <android xmlns:android="http://schemas.android.com/apk/res/android"/>
    <modules/>
</ti:app>
